{"playback_type": "basic", "segment_info": [["BigBuckBunny_1s_init.mp4", 46980, 936, 0.5195460319519043], ["BigBuckBunny_1s1.m4s", 46980.0, 6346, 0.5244629383087158], ["BigBuckBunny_1s2.m4s", 46980.0, 7086, 0.5160069465637207], ["BigBuckBunny_1s3.m4s", 91917.0, 8167, 0.5144238471984863], ["BigBuckBunny_1s4.m4s", 46980.0, 5511, 0.5176160335540771], ["BigBuckBunny_1s5.m4s", 91917.0, 12414, 0.5114400386810303], ["BigBuckBunny_1s6.m4s", 135410.0, 18126, 0.5156841278076172], ["BigBuckBunny_1s7.m4s", 91917.0, 12486, 0.5332481861114502], ["BigBuckBunny_1s8.m4s", 135410.0, 17334, 0.5207362174987793], ["BigBuckBunny_1s9.m4s", 182366.0, 23903, 0.51680588722229], ["BigBuckBunny_1s10.m4s", 226106.0, 30813, 0.5277020931243896], ["BigBuckBunny_1s11.m4s", 270316.0, 35824, 0.5106639862060547], ["BigBuckBunny_1s12.m4s", 352546.0, 46522, 0.5408949851989746], ["BigBuckBunny_1s13.m4s", 424520.0, 47749, 1.0499579906463623], ["BigBuckBunny_1s14.m4s", 352546.0, 45558, 0.5250821113586426], ["BigBuckBunny_1s15.m4s", 424520.0, 58319, 0.5246379375457764]], "playback_info": {"start_time": null, "down_shifts": 3, "end_time": null, "initial_buffering_duration": null, "interruptions": {"count": 0, "events": [], "total_duration": 0}, "up_shifts": 10}, "video_metadata": {"playback_duration": 595.46, "available_bitrates": [46980, 91917, 135410, 182366, 226106, 270316, 352546, 424520, 537825, 620705, 808057, 1071529, 1312787, 1662809, 2234145, 2617284, 3305118, 3841983, 4242923, 4726737], "mpd_file": "/home/ubuntu/mpd_d/BigBuckBunny_1s_simple_2014_05_09.mpd"}}